clave,producto,lote,unidad,existencia,caducidad
A020,Producto A020,C230717-3N,KG,20.0,2025-07-17
A020,Producto A020,C250818-1N,KG,8.0,2027-08-17
A031,Producto A031,ACP55110324,KG,169.0,2026-10-01
A032,Producto A032,GI2026/02845,KG,200.0,2028-05-01
A087,Producto A087,FS15940P,KG,24.3,2024-07-26
A095,Producto A095,52275,KG,23.5,2026-12-01
A103,Producto A103,360085,KG,25.0,2029-01-01
A104,Producto A104,CHCHLE1815,KG,210.0,2025-10-12
A104,Producto A104,CHCHLD3365,KG,210.0,2024-09-18
A112,Producto A112,28050125,LT,20.0,2027-12-18
A112,Producto A112,12060136,LT,20.0,2028-06-01
A112,Producto A112,12060136,LT,200.0,2028-06-01
A112,Producto A112,12060136,LT,50.0,2028-06-01
A112,Producto A112,24070173,LT,200.0,2028-06-01
A112,Producto A112,10090211,LT,20.0,2028-09-10
A112,Producto A112,EN 221-26,LT,200.0,2027-08-15
A114,Producto A114,ST60729V01,LT,200.0,2028-07-29
A115,Producto A115,2604USAGR02,LT,20.0,2028-04-17
A184,Producto A184,12603032,LT,200.0,2028-03-02
A184,Producto A184,210725-BW-1201-SN100GII,LT,200.0,2027-06-13
A184,Producto A184,230726-BW-1201,LT,200.0,2028-06-30
A184,Producto A184,10626-BW-2401,LT,200.0,2028-06-01
A185,Producto A185,12603029,LT,200.0,2028-03-02
A185,Producto A185,200726-BW-1303,LT,200.0,2028-07-10
A185,Producto A185,40526-BW-1302,LT,200.0,2028-09-01
A203,Producto A203,LPOS004,KG,18.8,2025-06-03
A203,Producto A203,LPOS004,KG,17.9,2025-06-03
A203,Producto A203,PLSO001/25,LT,199.97000000000003,2027-06-02
A261,Producto A261,26021102,LT,20.0,2029-02-11
A261,Producto A261,26021102,LT,50.0,2029-02-11
A261,Producto A261,26050603,LT,20.0,2029-05-06
A261,Producto A261,26050603,LT,200.0,2029-05-06
A261,Producto A261,26082801,LT,200.0,2029-08-28
A263,Producto A263,25081302,LT,20.0,2028-08-13
A265,Producto A265,26012201,KG,180.0,2029-01-22
B031,Producto B031,ABH022F008,KG,11.75,2024-06-07
C005,Producto C005,0000259450,KG,25.0,2028-09-02
C005,Producto C005,1280426,KG,25.0,2027-10-28
C094,Producto C094,AP01053880,KG,96.8,2027-08-25
C094,Producto C094,03W0125122,KG,270.0,2028-09-27
C100,Producto C100,TB-071024M,KG,220.0,2026-10-07
D018,Producto D018,TSA-080726-P,KG,210.0,2028-07-09
D018,Producto D018,TSA-080726-P,KG,1000.0,2028-07-09
D018,Producto D018,TSA-270726-P,KG,210.0,2028-07-27
D030,Producto D030,20260622,KG,790.0,2028-07-04
G006,Producto G006,D03A110526,KG,25.0,2028-05-11
G006,Producto G006,D03A110526,KG,50.0,2028-07-11
G006,Producto G006,D03A110526,KG,250.0,2028-05-11
G006,Producto G006,D03B030626,KG,25.0,2028-06-03
G006,Producto G006,D03B030626,KG,50.0,2028-06-03
G006,Producto G006,D03B030626,KG,250.0,2028-06-03
G006,Producto G006,D03B030626,KG,250.0,2028-06-03
G006,Producto G006,D03C270426,KG,250.0,2028-04-27
G006,Producto G006,D03C160626,KG,250.0,2028-06-16
G006,Producto G006,LGR-00135,KG,1.0,2027-07-17
G006,Producto G006,LGR-00135,KG,1.0,2027-07-17
G006,Producto G006,LGR-00135,KG,1.0,2027-07-17
G006,Producto G006,LGR-00149,KG,250.0,2027-12-21
G006,Producto G006,LGR-00161,KG,250.0,2028-04-28
G006,Producto G006,LGR-00163,KG,250.0,2028-05-12
G006,Producto G006,340C26012,KG,250.0,2028-06-14
G008,Producto G008,009/26-070826,KG,250.0,2028-08-07
G008,Producto G008,BSO107136,KG,250.0,2027-06-12
G008,Producto G008,BSO106779B,KG,250.0,2027-04-24
G008,Producto G008,BSO107885,KG,250.0,2027-09-25
G010,Producto G010,D03C120326,KG,250.0,2028-03-12
L008,Producto L008,LS25322A06,KG,25.0,2028-11-17
L018,Producto L018,42399,KG,20.0,2027-01-25
L018,Producto L018,68957,KG,20.0,2027-09-19
L018,Producto L018,43259,KG,20.0,2027-07-01
L015,Producto L015,260070502,KG,220.0,2028-07-05
M013,Producto M013,220785,KG,25.0,2025-03-01
M019,Producto M019,018/MP/0120,KG,20.06,2024-12-01
M019,Producto M019,253/MP/0524,KG,25.0,2029-07-01
M028,Producto M028,8H603125,KG,25.0,2027-08-31
M037,Producto M037,OP-137679-0510,KG,203.6,2024-07-27
M037,Producto M037,OP-158828-0534,KG,203.6,2025-06-08
N009,Producto N009,TCP-120525,KG,220.0,2027-05-12
P043,Producto P043,03-07-2026-3°,PZA,1.0,2027-07-03
P055,Producto P055,18-04-2026-3°,PZA,1.0,2028-04-18
P064,Producto P064,1P03-202310233,KG,210.0,2027-05-11
P065,Producto P065,260326,KG,152.0,2028-02-27
P070,Producto P070,YF01260209,KG,50.0,2028-02-08
P070,Producto P070,YF01260629,KG,215.0,2028-06-28
P070,Producto P070,BR20260129,KG,20.0,2028-01-26
S062,Producto S062,0626-72,KG,25.0,2028-06-01
S062,Producto S062,0526-59,KG,25.0,2028-05-01
S086,Producto S086,2324P654,KG,296.0,2028-12-09
S086,Producto S086,2627P082,KG,300.0,2031-05-02
S115,Producto S115,2324P457.,KG,300.0,2028-10-03
T018,Producto T018,2607HABID4138,LT,20.0,2028-07-28
T038,Producto T038,0139-26,PZA,1.0,2027-03-11
T038,Producto T038,0432/26,PZA,1.0,2027-07-03
T038,Producto T038,24-05-2026-2°,PZA,1.0,2027-05-24
T043,Producto T043,N/A,PZA,1.0,2027-07-21
V005,Producto V005,M24 0665,KG,95.0,2026-06-03
V005,Producto V005,M24 0665,KG,170.0,2026-06-03
